Video ID,Title,Comment
PFcXgt581vk,TV for Dogs :  Summer Birds Spectacular - Videos to Calm Your Dog,"My cats love it, I love it. Nothing better than living in a NYC apartment in the midst of nature!"
PFcXgt581vk,TV for Dogs :  Summer Birds Spectacular - Videos to Calm Your Dog,I leave it on all night..... and i wake up with birds stinging in my ears....
PFcXgt581vk,TV for Dogs :  Summer Birds Spectacular - Videos to Calm Your Dog,My cats love it and my budgie is mimicking the sounds.
PFcXgt581vk,TV for Dogs :  Summer Birds Spectacular - Videos to Calm Your Dog,"My dog wanted to watch teenage mutant ninja turtles instead idk why, this is cute"
PFcXgt581vk,TV for Dogs :  Summer Birds Spectacular - Videos to Calm Your Dog,"My dog goes crazy over This...he wakes me up in morning barking for me to put it ON..
Bizarre"
PFcXgt581vk,TV for Dogs :  Summer Birds Spectacular - Videos to Calm Your Dog,Our two cats loves these movies so much. They even did't know it was New Years Eve!! And I personaly love the sound from the birds when i'm working!
PFcXgt581vk,TV for Dogs :  Summer Birds Spectacular - Videos to Calm Your Dog,Made my puppy fall asleep thank you
PFcXgt581vk,TV for Dogs :  Summer Birds Spectacular - Videos to Calm Your Dog,This actually makes my dog want to chase birds LMAO. Thanks for sharing :)
PFcXgt581vk,TV for Dogs :  Summer Birds Spectacular - Videos to Calm Your Dog,My cat is lovin' it! He can't keep his eyes of the screen.
PFcXgt581vk,TV for Dogs :  Summer Birds Spectacular - Videos to Calm Your Dog,Finally I saw the robin  painted by Beatrix Potter ! Michigan's state bird is a robin but does not look like like yours in UK.  Thank you from USA
PFcXgt581vk,TV for Dogs :  Summer Birds Spectacular - Videos to Calm Your Dog,"I don‚Äôt have a dog, I‚Äôm not a dog either, but I‚Äôm still watching this because the birds are so cute."
PFcXgt581vk,TV for Dogs :  Summer Birds Spectacular - Videos to Calm Your Dog,"It‚Äôs crazy how this video calmed my 2 month baby husky, Loki. Thanks for this!"
PFcXgt581vk,TV for Dogs :  Summer Birds Spectacular - Videos to Calm Your Dog,thank you!!!!   my pet parrot likes this !
PFcXgt581vk,TV for Dogs :  Summer Birds Spectacular - Videos to Calm Your Dog,"I don't have a dog, but I found the video calming."
PFcXgt581vk,TV for Dogs :  Summer Birds Spectacular - Videos to Calm Your Dog,Thank you for this I really love it!
PFcXgt581vk,TV for Dogs :  Summer Birds Spectacular - Videos to Calm Your Dog,üëçüëçüëçüëçüëçüëçüëçü§ùüëè
PFcXgt581vk,TV for Dogs :  Summer Birds Spectacular - Videos to Calm Your Dog,I don't know which parts of the country you live must down south way I've seen some of these birds up our way but there's a lot of them that I've never seen before you've got beautiful birds to sit listening to and watch I've seen a few of your videos and everyone is brilliant each one is different
PFcXgt581vk,TV for Dogs :  Summer Birds Spectacular - Videos to Calm Your Dog,"Love this video, I'm a bird lover enjoyed watching them"
PFcXgt581vk,TV for Dogs :  Summer Birds Spectacular - Videos to Calm Your Dog,calms me too.....need this very badly now with the situation in the US
PFcXgt581vk,TV for Dogs :  Summer Birds Spectacular - Videos to Calm Your Dog,Sorry I missed this. Love your work! Wishing you a beautiful day x) ü¶ã
PFcXgt581vk,TV for Dogs :  Summer Birds Spectacular - Videos to Calm Your Dog,Thanks paul such gorgeous. Birds
SHnYkWji-I4,TV for Dogs &amp; Anxiety Music  - Videos for Dogs to watch - Relax Your Dog Nature Footage (New 2018),my dog is now alsleep ty!!
SHnYkWji-I4,TV for Dogs &amp; Anxiety Music  - Videos for Dogs to watch - Relax Your Dog Nature Footage (New 2018),My dog was having a bad day not eating not drinking not even walking and now the dog is asleep and I think that‚Äôs all she needed just one good rest
SHnYkWji-I4,TV for Dogs &amp; Anxiety Music  - Videos for Dogs to watch - Relax Your Dog Nature Footage (New 2018),My baby Paris is sleep ü•∞ü•∞
SHnYkWji-I4,TV for Dogs &amp; Anxiety Music  - Videos for Dogs to watch - Relax Your Dog Nature Footage (New 2018),hi
SHnYkWji-I4,TV for Dogs &amp; Anxiety Music  - Videos for Dogs to watch - Relax Your Dog Nature Footage (New 2018),i remember being on this dog music channel since mid late 2018. how time flies
SHnYkWji-I4,TV for Dogs &amp; Anxiety Music  - Videos for Dogs to watch - Relax Your Dog Nature Footage (New 2018),nice
SHnYkWji-I4,TV for Dogs &amp; Anxiety Music  - Videos for Dogs to watch - Relax Your Dog Nature Footage (New 2018),"Thank you so much üòä going out in a better mood because of this, she finally wont feel alone"
SHnYkWji-I4,TV for Dogs &amp; Anxiety Music  - Videos for Dogs to watch - Relax Your Dog Nature Footage (New 2018),This is making me and my dog snuggle and non stop licking it is adorable!‚ù§ thank you so much! ‚ò∫
SHnYkWji-I4,TV for Dogs &amp; Anxiety Music  - Videos for Dogs to watch - Relax Your Dog Nature Footage (New 2018),heyo
SHnYkWji-I4,TV for Dogs &amp; Anxiety Music  - Videos for Dogs to watch - Relax Your Dog Nature Footage (New 2018),Hi
SHnYkWji-I4,TV for Dogs &amp; Anxiety Music  - Videos for Dogs to watch - Relax Your Dog Nature Footage (New 2018),"Finally! You stoped the dog from wiggling!
Gotta way, the sushi did not tase as good as I thought. I tried again, instead, I started off with playing this music, and finally, I was able to chop my sushi up into even pieces!"
SHnYkWji-I4,TV for Dogs &amp; Anxiety Music  - Videos for Dogs to watch - Relax Your Dog Nature Footage (New 2018),my puppy is liking this video aswell as me
SHnYkWji-I4,TV for Dogs &amp; Anxiety Music  - Videos for Dogs to watch - Relax Your Dog Nature Footage (New 2018),me and the dog dig it.
SHnYkWji-I4,TV for Dogs &amp; Anxiety Music  - Videos for Dogs to watch - Relax Your Dog Nature Footage (New 2018),This helped my dog with 7 puppy's relax (there not ready to  ween yet)
SHnYkWji-I4,TV for Dogs &amp; Anxiety Music  - Videos for Dogs to watch - Relax Your Dog Nature Footage (New 2018),are you going to help dogs comment below
SHnYkWji-I4,TV for Dogs &amp; Anxiety Music  - Videos for Dogs to watch - Relax Your Dog Nature Footage (New 2018),My dog has zero interest in this.... he does watch other vids with dogs and chickens in them but this one is a dull flat image with little contrast and no animal sounds...
SHnYkWji-I4,TV for Dogs &amp; Anxiety Music  - Videos for Dogs to watch - Relax Your Dog Nature Footage (New 2018),Love
SHnYkWji-I4,TV for Dogs &amp; Anxiety Music  - Videos for Dogs to watch - Relax Your Dog Nature Footage (New 2018),love to all the doggos who are suffering because of fireworks tonight.
SHnYkWji-I4,TV for Dogs &amp; Anxiety Music  - Videos for Dogs to watch - Relax Your Dog Nature Footage (New 2018),Aee gawd my dog is sleeping!
SHnYkWji-I4,TV for Dogs &amp; Anxiety Music  - Videos for Dogs to watch - Relax Your Dog Nature Footage (New 2018),Thumbs up if you're a human and watching this
SHnYkWji-I4,TV for Dogs &amp; Anxiety Music  - Videos for Dogs to watch - Relax Your Dog Nature Footage (New 2018),playing this for my dog rn he is horrified of the thunder and this chilled him out. He is just sleeping and snoring now
SHnYkWji-I4,TV for Dogs &amp; Anxiety Music  - Videos for Dogs to watch - Relax Your Dog Nature Footage (New 2018),I love how I‚Äôm showing my dog this before a bath
SHnYkWji-I4,TV for Dogs &amp; Anxiety Music  - Videos for Dogs to watch - Relax Your Dog Nature Footage (New 2018),IT ACTUALLY  WORKS OOMG
SHnYkWji-I4,TV for Dogs &amp; Anxiety Music  - Videos for Dogs to watch - Relax Your Dog Nature Footage (New 2018),My dog was just licking his balls still
SHnYkWji-I4,TV for Dogs &amp; Anxiety Music  - Videos for Dogs to watch - Relax Your Dog Nature Footage (New 2018),i reccomend you lower the volume on your video it shattered my speakers
SHnYkWji-I4,TV for Dogs &amp; Anxiety Music  - Videos for Dogs to watch - Relax Your Dog Nature Footage (New 2018),this helped my doggo fall asleep when he looked stressed thank you üíï
SHnYkWji-I4,TV for Dogs &amp; Anxiety Music  - Videos for Dogs to watch - Relax Your Dog Nature Footage (New 2018),My dog Duncan was wathching this and he watched it for about 5 hours cause when I came back he was still their wathching it is also raining and he is scared so we are both wathching it both of my dogs enjoyed it
SHnYkWji-I4,TV for Dogs &amp; Anxiety Music  - Videos for Dogs to watch - Relax Your Dog Nature Footage (New 2018),My dog now wants to attack my phone üôÑ
SHnYkWji-I4,TV for Dogs &amp; Anxiety Music  - Videos for Dogs to watch - Relax Your Dog Nature Footage (New 2018),I‚Äôm using this to calm down my dogs while there a thunderstorm
SHnYkWji-I4,TV for Dogs &amp; Anxiety Music  - Videos for Dogs to watch - Relax Your Dog Nature Footage (New 2018),Good boi
SHnYkWji-I4,TV for Dogs &amp; Anxiety Music  - Videos for Dogs to watch - Relax Your Dog Nature Footage (New 2018),Re c you.           The dog wrote that...I'm serious!
SHnYkWji-I4,TV for Dogs &amp; Anxiety Music  - Videos for Dogs to watch - Relax Your Dog Nature Footage (New 2018),I turned this on and my dog was sleeping on my feet in less than 2 mins
SHnYkWji-I4,TV for Dogs &amp; Anxiety Music  - Videos for Dogs to watch - Relax Your Dog Nature Footage (New 2018),Thank you!
SHnYkWji-I4,TV for Dogs &amp; Anxiety Music  - Videos for Dogs to watch - Relax Your Dog Nature Footage (New 2018),My dog was attacked by a random dog she's listening right now shaking she's a small chihuahua attacked by a big dog she fell asleep I love her so much she has a cut on her arm and I'm worried I'll lose her I've had her since I was 2 and I'm 18 now <3 I hope she feels better I couldn't live without her
SHnYkWji-I4,TV for Dogs &amp; Anxiety Music  - Videos for Dogs to watch - Relax Your Dog Nature Footage (New 2018),my gsd was asleep in no time snoring away
SHnYkWji-I4,TV for Dogs &amp; Anxiety Music  - Videos for Dogs to watch - Relax Your Dog Nature Footage (New 2018),Thank you so Much for this! My Doggy Has anxiety and he has trouble with breathing
SHnYkWji-I4,TV for Dogs &amp; Anxiety Music  - Videos for Dogs to watch - Relax Your Dog Nature Footage (New 2018),The first 47 seconds my puppy is already asleep
SHnYkWji-I4,TV for Dogs &amp; Anxiety Music  - Videos for Dogs to watch - Relax Your Dog Nature Footage (New 2018),My pup is totally relaxed thank u
SHnYkWji-I4,TV for Dogs &amp; Anxiety Music  - Videos for Dogs to watch - Relax Your Dog Nature Footage (New 2018),Thank you so much for the help THANK GOD I FOUND THIS ON THE PHONE I TOOK FROM A HUMAN
SHnYkWji-I4,TV for Dogs &amp; Anxiety Music  - Videos for Dogs to watch - Relax Your Dog Nature Footage (New 2018),It worked on my collie cross lurcher he is now sound asleep
SHnYkWji-I4,TV for Dogs &amp; Anxiety Music  - Videos for Dogs to watch - Relax Your Dog Nature Footage (New 2018),"Thank you!
This music really works on my 9 weeks old Spanish Water Dog. He jumped and bit like crazy, but after 2 minutes he fell asleep :-))"
SHnYkWji-I4,TV for Dogs &amp; Anxiety Music  - Videos for Dogs to watch - Relax Your Dog Nature Footage (New 2018),My dog was wide awake and fell asleep within the first minute... Thank you !
SHnYkWji-I4,TV for Dogs &amp; Anxiety Music  - Videos for Dogs to watch - Relax Your Dog Nature Footage (New 2018),It worked for my Rottweiler after 6 minutes.  he was freaking out because of the weather now he is sleeping.
SHnYkWji-I4,TV for Dogs &amp; Anxiety Music  - Videos for Dogs to watch - Relax Your Dog Nature Footage (New 2018),It didn‚Äôt work
SHnYkWji-I4,TV for Dogs &amp; Anxiety Music  - Videos for Dogs to watch - Relax Your Dog Nature Footage (New 2018),Thank u
SHnYkWji-I4,TV for Dogs &amp; Anxiety Music  - Videos for Dogs to watch - Relax Your Dog Nature Footage (New 2018),"My pupper needed some company, threw this on with an audiobook and she seemed super relaxed when I came home! I think I woke her up, lol"
SHnYkWji-I4,TV for Dogs &amp; Anxiety Music  - Videos for Dogs to watch - Relax Your Dog Nature Footage (New 2018),10 hours holy
SHnYkWji-I4,TV for Dogs &amp; Anxiety Music  - Videos for Dogs to watch - Relax Your Dog Nature Footage (New 2018),"I took my German shepherd to my new apartment, and he was freaking out a bit, and then so was I. I put this on and now both him and the beagle puppy are completely relaxed and taking a nap. I also feel soooo much better. Thank you guys ‚ù§‚ù§‚ù§‚ù§"
SHnYkWji-I4,TV for Dogs &amp; Anxiety Music  - Videos for Dogs to watch - Relax Your Dog Nature Footage (New 2018),My puppy felt asleep
SHnYkWji-I4,TV for Dogs &amp; Anxiety Music  - Videos for Dogs to watch - Relax Your Dog Nature Footage (New 2018),MY POOR BABYS SCARED OF THE RAIN
SHnYkWji-I4,TV for Dogs &amp; Anxiety Music  - Videos for Dogs to watch - Relax Your Dog Nature Footage (New 2018),my poor baby was shaking and panting/hyperventilating and this calmed him down so much <3 thank you
SHnYkWji-I4,TV for Dogs &amp; Anxiety Music  - Videos for Dogs to watch - Relax Your Dog Nature Footage (New 2018),Excellent movie!
SHnYkWji-I4,TV for Dogs &amp; Anxiety Music  - Videos for Dogs to watch - Relax Your Dog Nature Footage (New 2018),"What a bunch of bullshit. What's next, music for frogs? lol"
SHnYkWji-I4,TV for Dogs &amp; Anxiety Music  - Videos for Dogs to watch - Relax Your Dog Nature Footage (New 2018),It sucks!
SHnYkWji-I4,TV for Dogs &amp; Anxiety Music  - Videos for Dogs to watch - Relax Your Dog Nature Footage (New 2018),Oh my gosh my dog fell asleep
SHnYkWji-I4,TV for Dogs &amp; Anxiety Music  - Videos for Dogs to watch - Relax Your Dog Nature Footage (New 2018),My puppy Stormy is on my top bunk and she's scared and can't get down I'm trying to calm her down
SHnYkWji-I4,TV for Dogs &amp; Anxiety Music  - Videos for Dogs to watch - Relax Your Dog Nature Footage (New 2018),what. the. hell. as soon as a put this on my dig started yawning!
SHnYkWji-I4,TV for Dogs &amp; Anxiety Music  - Videos for Dogs to watch - Relax Your Dog Nature Footage (New 2018),Don‚Äôt understand can you turn on the tv and what channel is it on?????
SHnYkWji-I4,TV for Dogs &amp; Anxiety Music  - Videos for Dogs to watch - Relax Your Dog Nature Footage (New 2018),Does it work on the tv? How
SHnYkWji-I4,TV for Dogs &amp; Anxiety Music  - Videos for Dogs to watch - Relax Your Dog Nature Footage (New 2018),Omg this really does work üò≥üò≥üò≥ he‚Äôs out like a light
SHnYkWji-I4,TV for Dogs &amp; Anxiety Music  - Videos for Dogs to watch - Relax Your Dog Nature Footage (New 2018),Amazing channel!
SHnYkWji-I4,TV for Dogs &amp; Anxiety Music  - Videos for Dogs to watch - Relax Your Dog Nature Footage (New 2018),this is beutiful
SHnYkWji-I4,TV for Dogs &amp; Anxiety Music  - Videos for Dogs to watch - Relax Your Dog Nature Footage (New 2018),Saviour in the midst of fireworks
SHnYkWji-I4,TV for Dogs &amp; Anxiety Music  - Videos for Dogs to watch - Relax Your Dog Nature Footage (New 2018),my dog just fell asleep lmao what the hell
SHnYkWji-I4,TV for Dogs &amp; Anxiety Music  - Videos for Dogs to watch - Relax Your Dog Nature Footage (New 2018),My dog Loved it she fell asleep laying  on my shoulder üòäüò¥ but her snoring is annoying ü•∞
SHnYkWji-I4,TV for Dogs &amp; Anxiety Music  - Videos for Dogs to watch - Relax Your Dog Nature Footage (New 2018),"My dog went berserk at the sheep, ate the hdmi wire and barked a lot. I turned of the TV as the picture went and my dog settled down. Thanks."
SHnYkWji-I4,TV for Dogs &amp; Anxiety Music  - Videos for Dogs to watch - Relax Your Dog Nature Footage (New 2018),My dog was wimmpering a lot because my mom left now she's settling down yippee
SHnYkWji-I4,TV for Dogs &amp; Anxiety Music  - Videos for Dogs to watch - Relax Your Dog Nature Footage (New 2018),Both of my dogs fell asleep.
SHnYkWji-I4,TV for Dogs &amp; Anxiety Music  - Videos for Dogs to watch - Relax Your Dog Nature Footage (New 2018),are you fucking kidding me
SHnYkWji-I4,TV for Dogs &amp; Anxiety Music  - Videos for Dogs to watch - Relax Your Dog Nature Footage (New 2018),"My young pup immediately started watching ,rested her face on her paws,her eyes started going dreamy& ears dropping to completely relax. All this after about 2-3minutes!Im a fan!"
SHnYkWji-I4,TV for Dogs &amp; Anxiety Music  - Videos for Dogs to watch - Relax Your Dog Nature Footage (New 2018),and my puppy continues being a doofus
SHnYkWji-I4,TV for Dogs &amp; Anxiety Music  - Videos for Dogs to watch - Relax Your Dog Nature Footage (New 2018),My dog just looked away he just fell asleep instantly
SHnYkWji-I4,TV for Dogs &amp; Anxiety Music  - Videos for Dogs to watch - Relax Your Dog Nature Footage (New 2018),Fantastic movie!
SHnYkWji-I4,TV for Dogs &amp; Anxiety Music  - Videos for Dogs to watch - Relax Your Dog Nature Footage (New 2018),Great movie!
SHnYkWji-I4,TV for Dogs &amp; Anxiety Music  - Videos for Dogs to watch - Relax Your Dog Nature Footage (New 2018),My dogs are mesmerized. This is amazing. Great work you are doing!
SHnYkWji-I4,TV for Dogs &amp; Anxiety Music  - Videos for Dogs to watch - Relax Your Dog Nature Footage (New 2018),My dog was barking and being crazy and my brother was sleeping i watched this with my dog and 7 minuetes in she is already sleepingüòÇüê∂üé∂üò™
SHnYkWji-I4,TV for Dogs &amp; Anxiety Music  - Videos for Dogs to watch - Relax Your Dog Nature Footage (New 2018),This actually worked really well thank you
SHnYkWji-I4,TV for Dogs &amp; Anxiety Music  - Videos for Dogs to watch - Relax Your Dog Nature Footage (New 2018),makes the outside noises less noticeable  and really helps my dog calm ... good job ! thank you
SHnYkWji-I4,TV for Dogs &amp; Anxiety Music  - Videos for Dogs to watch - Relax Your Dog Nature Footage (New 2018),It doesn‚Äôt work al all
SHnYkWji-I4,TV for Dogs &amp; Anxiety Music  - Videos for Dogs to watch - Relax Your Dog Nature Footage (New 2018),Good channel!
SHnYkWji-I4,TV for Dogs &amp; Anxiety Music  - Videos for Dogs to watch - Relax Your Dog Nature Footage (New 2018),"Really calmed my puppy down during a thunderstorm, thanks! üíôüíöüíôüíöüíôüêï"
SHnYkWji-I4,TV for Dogs &amp; Anxiety Music  - Videos for Dogs to watch - Relax Your Dog Nature Footage (New 2018),"out of all the songs , my dog likes the first songs the most . thank you so much for taking the time to make this !"
SHnYkWji-I4,TV for Dogs &amp; Anxiety Music  - Videos for Dogs to watch - Relax Your Dog Nature Footage (New 2018),Wow my dog was just watching videos of dogs barking and he was going crazy and 1min of turning this on and my super hyper dog just laying down glued to this video
SHnYkWji-I4,TV for Dogs &amp; Anxiety Music  - Videos for Dogs to watch - Relax Your Dog Nature Footage (New 2018),i have a 13 week old puppy. the second i put this on she walked over to her fav spot and just layer thereüëçüèª
SHnYkWji-I4,TV for Dogs &amp; Anxiety Music  - Videos for Dogs to watch - Relax Your Dog Nature Footage (New 2018),My dog is just staring at the screen amazed
SHnYkWji-I4,TV for Dogs &amp; Anxiety Music  - Videos for Dogs to watch - Relax Your Dog Nature Footage (New 2018),omg this actually worked
SHnYkWji-I4,TV for Dogs &amp; Anxiety Music  - Videos for Dogs to watch - Relax Your Dog Nature Footage (New 2018),"I got these two Siberian Huskys-male and female- the other day and I wanted to play with them a bit. Putting on videos to get their reaction and stuff. Pretty funny. But then I put ones with dogs barking, hell broke loose. Then I saw this video. A few moments later they huddle up on the couch, mesmerized by this video with soothing music. It works, a miracle. Otherwise I would've got a worse headache! And it also relaxes me. Thanks!"
SHnYkWji-I4,TV for Dogs &amp; Anxiety Music  - Videos for Dogs to watch - Relax Your Dog Nature Footage (New 2018),"??¬†channel fer dogs; I thought I done seen everthang, wouldn't you rather be out grenade fishing with cooter, and skeeter?¬† Ever been bear racing?¬† That's where ya smacka bear on da butt¬†den run like hell never lookin back, naw, you don't eva wanna look back.¬†¬† Cooter hadda gurlfriend named Scooter, but she got arrested on some traffic violation, ...public indecency I think they called it.¬† Sure did confuse me an aweful lot, cause I done seen people doing far worse on this intro net thingie, and not even ashamed da dowin it either.¬† Dogs got more shame than most humans these days."
SHnYkWji-I4,TV for Dogs &amp; Anxiety Music  - Videos for Dogs to watch - Relax Your Dog Nature Footage (New 2018),My dog is to crazy for this to work
SHnYkWji-I4,TV for Dogs &amp; Anxiety Music  - Videos for Dogs to watch - Relax Your Dog Nature Footage (New 2018),my dogs didint go to sleep but my cat went on my lap and fell asleep i was shaking to see if she would wake up but she was in a deep sleep
SHnYkWji-I4,TV for Dogs &amp; Anxiety Music  - Videos for Dogs to watch - Relax Your Dog Nature Footage (New 2018),Oh my gosh it actually works
SHnYkWji-I4,TV for Dogs &amp; Anxiety Music  - Videos for Dogs to watch - Relax Your Dog Nature Footage (New 2018),This really works
SHnYkWji-I4,TV for Dogs &amp; Anxiety Music  - Videos for Dogs to watch - Relax Your Dog Nature Footage (New 2018),"Our dog has been knocked out and relaxed as soon it started playing, even put me and my wife on a relaxation state"
SHnYkWji-I4,TV for Dogs &amp; Anxiety Music  - Videos for Dogs to watch - Relax Your Dog Nature Footage (New 2018),awesome relax video
SHnYkWji-I4,TV for Dogs &amp; Anxiety Music  - Videos for Dogs to watch - Relax Your Dog Nature Footage (New 2018),"It's noon and my dog has been running around like CRAZY. I found this vid and she out like a rock. thank you! ü§óüôÇüòä



it relaxes me too by the way üòã"
SHnYkWji-I4,TV for Dogs &amp; Anxiety Music  - Videos for Dogs to watch - Relax Your Dog Nature Footage (New 2018),"I thought this was for my dog, I've been watching this for a half hour in a trance."
ppUGbXVFKoQ,Relaxing TV For Dogs - Helped over 4 million Dogs Worldwide -with calming Therapy Music,A huge thanks for this video!!! It helped A LOT my dog during the nye fireworks. ‚ù§Ô∏è
ppUGbXVFKoQ,Relaxing TV For Dogs - Helped over 4 million Dogs Worldwide -with calming Therapy Music,this really does work.......... on me which im am not a dog so it dosn't on dogs ut t does on human or me
ppUGbXVFKoQ,Relaxing TV For Dogs - Helped over 4 million Dogs Worldwide -with calming Therapy Music,Nothing in the world can make my dog watch TV. I tried.. he just doesn't get interested at all. Maybe he's lucky ... ignorance is bliss
ppUGbXVFKoQ,Relaxing TV For Dogs - Helped over 4 million Dogs Worldwide -with calming Therapy Music,my dog is pregnant and she was stressed and so I looked up calming dogs and she watched it and seemed calmed down thank you so much
ppUGbXVFKoQ,Relaxing TV For Dogs - Helped over 4 million Dogs Worldwide -with calming Therapy Music,My puppies seem to be enjoying it.
ppUGbXVFKoQ,Relaxing TV For Dogs - Helped over 4 million Dogs Worldwide -with calming Therapy Music,my dog is actually watching this. thats wild
ppUGbXVFKoQ,Relaxing TV For Dogs - Helped over 4 million Dogs Worldwide -with calming Therapy Music,The dislikes are from evil cats
ppUGbXVFKoQ,Relaxing TV For Dogs - Helped over 4 million Dogs Worldwide -with calming Therapy Music,im curios if this will be effective...will try though..thanks!
ppUGbXVFKoQ,Relaxing TV For Dogs - Helped over 4 million Dogs Worldwide -with calming Therapy Music,Great work god bless
ppUGbXVFKoQ,Relaxing TV For Dogs - Helped over 4 million Dogs Worldwide -with calming Therapy Music,Why the are there COMMERCIALS ON THIS ???
ppUGbXVFKoQ,Relaxing TV For Dogs - Helped over 4 million Dogs Worldwide -with calming Therapy Music,oof u made my dog ich its butt
ppUGbXVFKoQ,Relaxing TV For Dogs - Helped over 4 million Dogs Worldwide -with calming Therapy Music,I love this music my dog loves it toüòò
ppUGbXVFKoQ,Relaxing TV For Dogs - Helped over 4 million Dogs Worldwide -with calming Therapy Music,love this
iPa_ARf2KAU,TV for Dogs : Dog Relaxation TV &amp; Videos - Zebra Fun,I love zebras
iPa_ARf2KAU,TV for Dogs : Dog Relaxation TV &amp; Videos - Zebra Fun,Good vid!
iPa_ARf2KAU,TV for Dogs : Dog Relaxation TV &amp; Videos - Zebra Fun,Very good channel!
iPa_ARf2KAU,TV for Dogs : Dog Relaxation TV &amp; Videos - Zebra Fun,Cool vid!
iPa_ARf2KAU,TV for Dogs : Dog Relaxation TV &amp; Videos - Zebra Fun,Amazing clip!
iPa_ARf2KAU,TV for Dogs : Dog Relaxation TV &amp; Videos - Zebra Fun,"Nevermind calming the dog; it really calms me after a brutal night at work. I simply love these videos, thank you!"
DIm2Dvt5ky8,How to Paint a DOG üé® Acrylic Painting Tutorial LIVE! #yearofthedog,Thank you so much for this class as the advice really helped me. Thanks!!!
DIm2Dvt5ky8,How to Paint a DOG üé® Acrylic Painting Tutorial LIVE! #yearofthedog,I needed this video! Awesome job and thanks for sharing..
DIm2Dvt5ky8,How to Paint a DOG üé® Acrylic Painting Tutorial LIVE! #yearofthedog,"I CANNOT draw eyes , so I just draw a red mark across the face and wrote supreme ‚úåüèªüòó"
DIm2Dvt5ky8,How to Paint a DOG üé® Acrylic Painting Tutorial LIVE! #yearofthedog,"You are so talented and it was not only incredibly helpful to see each stage of you painting the dog, but also highly amusing and relaxing - loved the banter with your husband! Thank you very much for sharing. Have made notes from this video to help me with my first dog portrait!"
DIm2Dvt5ky8,How to Paint a DOG üé® Acrylic Painting Tutorial LIVE! #yearofthedog,Thank you so much for this video! I‚Äôm so inspired to paint my grand dog Tessa!
DIm2Dvt5ky8,How to Paint a DOG üé® Acrylic Painting Tutorial LIVE! #yearofthedog,Thank you for helping me have a better idea on how to paint a dog. I have one to start!
DIm2Dvt5ky8,How to Paint a DOG üé® Acrylic Painting Tutorial LIVE! #yearofthedog,Could you please do a tutorial of a boxer dog?
DIm2Dvt5ky8,How to Paint a DOG üé® Acrylic Painting Tutorial LIVE! #yearofthedog,What kind of brush do you use for the whiskers?
DIm2Dvt5ky8,How to Paint a DOG üé® Acrylic Painting Tutorial LIVE! #yearofthedog,Beautiful
DIm2Dvt5ky8,How to Paint a DOG üé® Acrylic Painting Tutorial LIVE! #yearofthedog,"hi. oh wow!! thats looks great. ur talented. god bless. thank u for video. my cat had pass away and i would love u to paint a pic of my cat. it be the best gift for my daughter, for christmas.  i will keep in touch for more input. thanks. fm nyc. gnüå∑üôè"
DIm2Dvt5ky8,How to Paint a DOG üé® Acrylic Painting Tutorial LIVE! #yearofthedog,Can you draw one for me cause my daughter loves to paint.
DIm2Dvt5ky8,How to Paint a DOG üé® Acrylic Painting Tutorial LIVE! #yearofthedog,Awesome subscribe to your channel
DIm2Dvt5ky8,How to Paint a DOG üé® Acrylic Painting Tutorial LIVE! #yearofthedog,How do you paints not dry while on your palette?
DIm2Dvt5ky8,How to Paint a DOG üé® Acrylic Painting Tutorial LIVE! #yearofthedog,"I love how you show the photo and colours the same time, really helps a lot and I can lean step by step. Wonderful painting! Thank you."
DIm2Dvt5ky8,How to Paint a DOG üé® Acrylic Painting Tutorial LIVE! #yearofthedog,"omg, I absolutely LOVE the conversation you're having with your husband!! :)"
DIm2Dvt5ky8,How to Paint a DOG üé® Acrylic Painting Tutorial LIVE! #yearofthedog,"Just came across your video. Doing a painting of our English Springer. Very helpful video! And love the ""facts"" and humor sprinkled in! Thank you"
DIm2Dvt5ky8,How to Paint a DOG üé® Acrylic Painting Tutorial LIVE! #yearofthedog,So great. Love it so much. Thanks a lot for this Video! It can help  a lot! :-*
DIm2Dvt5ky8,How to Paint a DOG üé® Acrylic Painting Tutorial LIVE! #yearofthedog,Your so good at painting keep it up üòäyou deserve a subscribe thing
DIm2Dvt5ky8,How to Paint a DOG üé® Acrylic Painting Tutorial LIVE! #yearofthedog,beautiful
DIm2Dvt5ky8,How to Paint a DOG üé® Acrylic Painting Tutorial LIVE! #yearofthedog,That looks beautiful I‚Äôm working on a dog painting right now in art class and this is very helpfulüëçüèΩ
DIm2Dvt5ky8,How to Paint a DOG üé® Acrylic Painting Tutorial LIVE! #yearofthedog,Lovely Work Thanks.
DIm2Dvt5ky8,How to Paint a DOG üé® Acrylic Painting Tutorial LIVE! #yearofthedog,Thank you your are good I will try it my self
DIm2Dvt5ky8,How to Paint a DOG üé® Acrylic Painting Tutorial LIVE! #yearofthedog,Learned so much today.  Thank you Angela Anderson.
DIm2Dvt5ky8,How to Paint a DOG üé® Acrylic Painting Tutorial LIVE! #yearofthedog,.................
DIm2Dvt5ky8,How to Paint a DOG üé® Acrylic Painting Tutorial LIVE! #yearofthedog,It always amazes me how those eyes come alive when you put the last two colours in.
DIm2Dvt5ky8,How to Paint a DOG üé® Acrylic Painting Tutorial LIVE! #yearofthedog,I would love to try to paint my kids - my German Shepherd‚Äôs but I can NOT draw a lick. I would not even know where to start but you make it look SO EASY but you are also so VERY talented. I love you work!! ‚ù§Ô∏è
DIm2Dvt5ky8,How to Paint a DOG üé® Acrylic Painting Tutorial LIVE! #yearofthedog,Just like the female Bob Ross!!!  I love it!! God bless.
DIm2Dvt5ky8,How to Paint a DOG üé® Acrylic Painting Tutorial LIVE! #yearofthedog,"This is a great demonstration  acrylic dries so fast,  how do you keep your pallets moist.  I love your process thanks"
DIm2Dvt5ky8,How to Paint a DOG üé® Acrylic Painting Tutorial LIVE! #yearofthedog,"I love your paintings but I am hearing impaired and you trail off while speaking many times   therefore I can't follow you.  You may say, as many people do, ""What I said was not important"", but EVERYTHING you say is important when giving instruction - even jokes.  I cannot understand the gentleman at all!"
DIm2Dvt5ky8,How to Paint a DOG üé® Acrylic Painting Tutorial LIVE! #yearofthedog,"cute!  I found it a bit hard to tell what she was saying sometimes.  Maybe her mouth was too close to the mike, or she has a habit of mumbling just a little, but the gravely, monotone voice was hard to make out at times.  He sounded clear, however.  It's probably just my poor hearing.  Anyway this was great to watch."
DIm2Dvt5ky8,How to Paint a DOG üé® Acrylic Painting Tutorial LIVE! #yearofthedog,I have a poodle but this still helped alot thx so much!
DIm2Dvt5ky8,How to Paint a DOG üé® Acrylic Painting Tutorial LIVE! #yearofthedog,Thanks! üòä
DIm2Dvt5ky8,How to Paint a DOG üé® Acrylic Painting Tutorial LIVE! #yearofthedog,"I would LOVE if u would paint a golden doodle. We just found out ours has a very aggressive cancer. He‚Äôs family. We‚Äôre heartbroken:(
Hugs,
Lin"
DIm2Dvt5ky8,How to Paint a DOG üé® Acrylic Painting Tutorial LIVE! #yearofthedog,Amazing beautiful beautiful painting love it
DIm2Dvt5ky8,How to Paint a DOG üé® Acrylic Painting Tutorial LIVE! #yearofthedog,That dog is cute
DIm2Dvt5ky8,How to Paint a DOG üé® Acrylic Painting Tutorial LIVE! #yearofthedog,Woooow üò±üò± incre√≠blemente hermoso üòçüòçfelicidades üëèüëè saludos desde Costa Rica un abrazo üòòüòò
DIm2Dvt5ky8,How to Paint a DOG üé® Acrylic Painting Tutorial LIVE! #yearofthedog,Thank you so much for this lesson! I learned so much and he is adorable!!!
DIm2Dvt5ky8,How to Paint a DOG üé® Acrylic Painting Tutorial LIVE! #yearofthedog,I tried to paint i today
DIm2Dvt5ky8,How to Paint a DOG üé® Acrylic Painting Tutorial LIVE! #yearofthedog,"Hi Angela and Mark 
First time watching this video and already learnt so much
I have just started painting on large rocks ( animals)
Thanks"
DIm2Dvt5ky8,How to Paint a DOG üé® Acrylic Painting Tutorial LIVE! #yearofthedog,Awww... adorable! I want to cuddle!!
DIm2Dvt5ky8,How to Paint a DOG üé® Acrylic Painting Tutorial LIVE! #yearofthedog,I'm trying to eat while I'm watching you but Ya'll have me laughing!!!! Ya'll are too funny...or I should say that your hubby is too funny!!
DIm2Dvt5ky8,How to Paint a DOG üé® Acrylic Painting Tutorial LIVE! #yearofthedog,"I absolutely love you two! Ya'll are a delight to watch and listen too. And Angela, I love the way you paint. An inspiration! And your hubby... so ""comical,"" as my grandmother used to say to my grandfather (he could be so funny). Your program is very uplifting! God bless you two sweet people!!!! From little ole"" me....Barbara J."
DIm2Dvt5ky8,How to Paint a DOG üé® Acrylic Painting Tutorial LIVE! #yearofthedog,"Excellent work, very nice"
DIm2Dvt5ky8,How to Paint a DOG üé® Acrylic Painting Tutorial LIVE! #yearofthedog,Your SOOO FREAKING GOOD! üòãThank you Thank You for the great instructions n sharing your beautiful gift with us !!!! I just subscribed I can't wait to watch and learn more! Oh and I love you n Marks interactions n humor it is a pleasure to listen to lol God Bless!
DIm2Dvt5ky8,How to Paint a DOG üé® Acrylic Painting Tutorial LIVE! #yearofthedog,Do you use the unbleached titanium because it doesn‚Äôt change the color too much?
DIm2Dvt5ky8,How to Paint a DOG üé® Acrylic Painting Tutorial LIVE! #yearofthedog,"First Class painting , The problem for me is yet another woman and man vid,There seem to be more and more with the man spoiling g the vid,Do you not do any on your own."
DIm2Dvt5ky8,How to Paint a DOG üé® Acrylic Painting Tutorial LIVE! #yearofthedog,Thank you for the wonderful tutorial what sweetheart dogie.
DIm2Dvt5ky8,How to Paint a DOG üé® Acrylic Painting Tutorial LIVE! #yearofthedog,my favorite of all your tutorials! It was so inspiring! I loved learning how to make fur! And the little button nose was so awesome! But what really got me? When the eyes came to life! Oh my! A puppy was born before my eyes! Love Love LOVE this tutorial... Highly recommend it! <3
DIm2Dvt5ky8,How to Paint a DOG üé® Acrylic Painting Tutorial LIVE! #yearofthedog,is there a traceable? So cute!!
DIm2Dvt5ky8,How to Paint a DOG üé® Acrylic Painting Tutorial LIVE! #yearofthedog,"I just found your YouTube channel a few days ago and have had fun watching your tutorials.  I might even get brave enough to try painting one!  As I've been watching this, I've thought how perfect it is...then you do another color, and it's gets MORE perfect...then again!  Amazing!  Thank you so much for sharing your talents! And for the bantering between you and your husband...Makes me laugh :)"
DIm2Dvt5ky8,How to Paint a DOG üé® Acrylic Painting Tutorial LIVE! #yearofthedog,"Angela, this is the first tutorial I've followed from you; wish I could send you a picture. I'm a beginner and this was very challenging but I love my puppy! Btw, I was introduced to you through Cinnamon Cooney so I'll be sure to post on her FB page. Thank you very much. Sending light and happiness your way."
DIm2Dvt5ky8,How to Paint a DOG üé® Acrylic Painting Tutorial LIVE! #yearofthedog,He is very cute for sure!  Great job!  TFS!
DIm2Dvt5ky8,How to Paint a DOG üé® Acrylic Painting Tutorial LIVE! #yearofthedog,Wonderful job!  I learn so much from you.  Thank you!  He looks so life like! Amazing!!!!
DIm2Dvt5ky8,How to Paint a DOG üé® Acrylic Painting Tutorial LIVE! #yearofthedog,"Wow ; bravo Angela very very well done  painting the  Spaniel  Puppy it was Easy to follow and i thank you very much for sharing your tutorial , and to be there for us ; i am your new fan from Montr√©al, Qu√©bec ;"
DIm2Dvt5ky8,How to Paint a DOG üé® Acrylic Painting Tutorial LIVE! #yearofthedog,You are very talented.   Thanks to you and Mark....
DIm2Dvt5ky8,How to Paint a DOG üé® Acrylic Painting Tutorial LIVE! #yearofthedog,"Angela, the dog very nice!!!"
DIm2Dvt5ky8,How to Paint a DOG üé® Acrylic Painting Tutorial LIVE! #yearofthedog,Loved this.  I would like to see a really short haired dog painted.  I am trying to do a Boston Terrier for my husband.  She is beginning to gray a little.
DIm2Dvt5ky8,How to Paint a DOG üé® Acrylic Painting Tutorial LIVE! #yearofthedog,"Kr√°sa, jako ≈æiv√Ω"
DIm2Dvt5ky8,How to Paint a DOG üé® Acrylic Painting Tutorial LIVE! #yearofthedog,I think i am very late.... This is the first time i saw your channelüôÅ.... But at the same time i am very happy.... Mam and sir u both r superb and the painting is  jst fab. üëå....lots of love from INDIA‚ò∫
DIm2Dvt5ky8,How to Paint a DOG üé® Acrylic Painting Tutorial LIVE! #yearofthedog,MY DOG IS JUST LIKE THAT!
DIm2Dvt5ky8,How to Paint a DOG üé® Acrylic Painting Tutorial LIVE! #yearofthedog,What if you cant draw???
DIm2Dvt5ky8,How to Paint a DOG üé® Acrylic Painting Tutorial LIVE! #yearofthedog,What brand of paint brush you use?
DIm2Dvt5ky8,How to Paint a DOG üé® Acrylic Painting Tutorial LIVE! #yearofthedog,"Por favor ¬øMe puede mostrar que pinceles usa para pintar el pelo  de esta linda  mascota.
infinitas gracias."
DIm2Dvt5ky8,How to Paint a DOG üé® Acrylic Painting Tutorial LIVE! #yearofthedog,Hi Angela.  I just want to say thank you for the excellent drawing lesson... I hope I can paint him as cute as my sketch. üòú
DIm2Dvt5ky8,How to Paint a DOG üé® Acrylic Painting Tutorial LIVE! #yearofthedog,I have learned so much tonight. Thank you. I love doing pet portraits. I will try this one tomorrow.
DIm2Dvt5ky8,How to Paint a DOG üé® Acrylic Painting Tutorial LIVE! #yearofthedog,Omg this is the cutest  painting ever!
DIm2Dvt5ky8,How to Paint a DOG üé® Acrylic Painting Tutorial LIVE! #yearofthedog,So cute
DIm2Dvt5ky8,How to Paint a DOG üé® Acrylic Painting Tutorial LIVE! #yearofthedog,LOVE!!!
DIm2Dvt5ky8,How to Paint a DOG üé® Acrylic Painting Tutorial LIVE! #yearofthedog,I don't think I ever saw a dog that didn't have brown eyes. They're beautiful.
DIm2Dvt5ky8,How to Paint a DOG üé® Acrylic Painting Tutorial LIVE! #yearofthedog,This is amazing. I'm sure I could  feel the softness of his fur. Thanks you.
DIm2Dvt5ky8,How to Paint a DOG üé® Acrylic Painting Tutorial LIVE! #yearofthedog,This looks unbelievable! Cannot hide my anticipation to view similar to this. Great job.
DIm2Dvt5ky8,How to Paint a DOG üé® Acrylic Painting Tutorial LIVE! #yearofthedog,Thank you.. I'm just starting to paint again after a long time.. I haven't had any lessons or instructions. So this will help...
DIm2Dvt5ky8,How to Paint a DOG üé® Acrylic Painting Tutorial LIVE! #yearofthedog,Enjoyed this alot! You should do more animals! I love this. Thank you so much!
DIm2Dvt5ky8,How to Paint a DOG üé® Acrylic Painting Tutorial LIVE! #yearofthedog,dog is adorable.would love to see you paint a lamb in the future .lamb's fur is tricky to paint
DIm2Dvt5ky8,How to Paint a DOG üé® Acrylic Painting Tutorial LIVE! #yearofthedog,this is the first time that I have seen you on you tube.¬† I have to tell you how much I enjoyed it and learned from it.¬† I love how casual and fun you and mark make watching.¬† thank you so much.¬† Looking forward to more in the future.¬† God bless.
DIm2Dvt5ky8,How to Paint a DOG üé® Acrylic Painting Tutorial LIVE! #yearofthedog,this is fabulous. would love a dog series.
DIm2Dvt5ky8,How to Paint a DOG üé® Acrylic Painting Tutorial LIVE! #yearofthedog,IS IT OK TO USE WHITE  GESSO TO PRIME THE CANVAS BEFORE YOU START PAINTING  ?
DIm2Dvt5ky8,How to Paint a DOG üé® Acrylic Painting Tutorial LIVE! #yearofthedog,Fascinating
DIm2Dvt5ky8,How to Paint a DOG üé® Acrylic Painting Tutorial LIVE! #yearofthedog,"What was the .com that we can share with you, it was to fast for me to hear‚ô•Ô∏è‚ô•Ô∏è"
DIm2Dvt5ky8,How to Paint a DOG üé® Acrylic Painting Tutorial LIVE! #yearofthedog,"Angela this is awesome, thank you. This will help me greatly with my dog paintings. Love this adorable doggie ‚ù§Ô∏è."
DIm2Dvt5ky8,How to Paint a DOG üé® Acrylic Painting Tutorial LIVE! #yearofthedog,Awh... So cute!  I have a Cavalier King Charles Spaniel and this will really help!
DIm2Dvt5ky8,How to Paint a DOG üé® Acrylic Painting Tutorial LIVE! #yearofthedog,Great 2 hours with tips as i am new at painting. Thank you. Robert
DIm2Dvt5ky8,How to Paint a DOG üé® Acrylic Painting Tutorial LIVE! #yearofthedog,üíñ  Great video!  üåü üåü  üíó
DIm2Dvt5ky8,How to Paint a DOG üé® Acrylic Painting Tutorial LIVE! #yearofthedog,"Dein Bild sieht noch s√º√üer als das Orginal aus , wundersch√∂n,  dankesch√∂n Angela f√ºr die Anleitung"
DIm2Dvt5ky8,How to Paint a DOG üé® Acrylic Painting Tutorial LIVE! #yearofthedog,So adorable! Thank you. What kind of pen did you use? I didn‚Äôt catch what you said.
DIm2Dvt5ky8,How to Paint a DOG üé® Acrylic Painting Tutorial LIVE! #yearofthedog,Love your videos.  My only negative comment would be please try to stop mumbling.  I am an old lady and find it very difficult to understand what you are saying.  Really love this painting.
DIm2Dvt5ky8,How to Paint a DOG üé® Acrylic Painting Tutorial LIVE! #yearofthedog,Love it so much!!!  So cute!!! üíï
DIm2Dvt5ky8,How to Paint a DOG üé® Acrylic Painting Tutorial LIVE! #yearofthedog,I watched your video as you were live painting him.  I'm a new painter (3 mo  - 79 yr old) and am in awe of all your videos and teaching.  Thank you.
DIm2Dvt5ky8,How to Paint a DOG üé® Acrylic Painting Tutorial LIVE! #yearofthedog,Will you be pairing a cat too.
DIm2Dvt5ky8,How to Paint a DOG üé® Acrylic Painting Tutorial LIVE! #yearofthedog,When will you be doing a cat. üòÄ
DIm2Dvt5ky8,How to Paint a DOG üé® Acrylic Painting Tutorial LIVE! #yearofthedog,Oh my gosh!  You did a beautiful job painting him!  Thank you so much.
DIm2Dvt5ky8,How to Paint a DOG üé® Acrylic Painting Tutorial LIVE! #yearofthedog,"Terrific tutorial, Angela.  I think this cutie is one of my most favorites I‚Äôve ever watched you do.  Thanks so much sharing a how to on such a smile maker :)"
DIm2Dvt5ky8,How to Paint a DOG üé® Acrylic Painting Tutorial LIVE! #yearofthedog,Just perfectly adorable‚ù£Ô∏è‚ù£Ô∏è‚ù£Ô∏è‚ù£Ô∏è‚ù£Ô∏è
DIm2Dvt5ky8,How to Paint a DOG üé® Acrylic Painting Tutorial LIVE! #yearofthedog,"Beautiful painting, adorable pup !!!"
DIm2Dvt5ky8,How to Paint a DOG üé® Acrylic Painting Tutorial LIVE! #yearofthedog,This puppy has the cutest face! Love it!!!
DIm2Dvt5ky8,How to Paint a DOG üé® Acrylic Painting Tutorial LIVE! #yearofthedog,Who said less whiskers!!!! I missed the live !! Like to see what they painted lolüêíüòÅ
DIm2Dvt5ky8,How to Paint a DOG üé® Acrylic Painting Tutorial LIVE! #yearofthedog,"You are awesome Angela love the detail you give us, loved the video üé®üëçüá¨üáßüêï"
DIm2Dvt5ky8,How to Paint a DOG üé® Acrylic Painting Tutorial LIVE! #yearofthedog,Bow WOWZER!!!!
DIm2Dvt5ky8,How to Paint a DOG üé® Acrylic Painting Tutorial LIVE! #yearofthedog,This looks so real and the nose is 3d looking. You have been hitting these painting out of the park the past several weeks and Im so glad I got to view several of them live.  Althea
DIm2Dvt5ky8,How to Paint a DOG üé® Acrylic Painting Tutorial LIVE! #yearofthedog,"This is so cute! Beautiful tutorials, thank you so much!"
DIm2Dvt5ky8,How to Paint a DOG üé® Acrylic Painting Tutorial LIVE! #yearofthedog,""" . . . So, you'll see them in things like Hamilton.""

I lost it at that joke. Loving the ""facts,"" and the painting is amazing."
DIm2Dvt5ky8,How to Paint a DOG üé® Acrylic Painting Tutorial LIVE! #yearofthedog,"OMG his adorable, sorry I couldn't watch it, I live in Puerto Rico and my internet is out all I have is my phone and keeps buffering. Hopefully I can watch it. Thanks for your videos I appreciate them, you're a great artist, love the show."
DIm2Dvt5ky8,How to Paint a DOG üé® Acrylic Painting Tutorial LIVE! #yearofthedog,Awesome tutorial!!! I KNOW I can follow along with this one! You make it look like anyone could do it and that's one of the things I love about your videos!! You guys make a great team Angela and Mark! Thank you so much for all you do!!!! Blessings :)
DIm2Dvt5ky8,How to Paint a DOG üé® Acrylic Painting Tutorial LIVE! #yearofthedog,You ‚Äúown‚Äù this one Angela...he is awesome.
DIm2Dvt5ky8,How to Paint a DOG üé® Acrylic Painting Tutorial LIVE! #yearofthedog,Added  to my LONG to do list.You are a very special artist. Many thanks from a chilly Scotland.
DIm2Dvt5ky8,How to Paint a DOG üé® Acrylic Painting Tutorial LIVE! #yearofthedog,In time for this amazing painting of a puppy since we are enterting the Year of the Dog this Chinese New Year
DIm2Dvt5ky8,How to Paint a DOG üé® Acrylic Painting Tutorial LIVE! #yearofthedog,This dog was a very special painting I hope you will do more of them thank you so much
DIm2Dvt5ky8,How to Paint a DOG üé® Acrylic Painting Tutorial LIVE! #yearofthedog,"Too funny! You were laughing so much, your paint on the dog dried! Hahahahaha."
DIm2Dvt5ky8,How to Paint a DOG üé® Acrylic Painting Tutorial LIVE! #yearofthedog,Wow! I love how you've  done his eyes
DIm2Dvt5ky8,How to Paint a DOG üé® Acrylic Painting Tutorial LIVE! #yearofthedog,vorei   farllo al mio cane i  provo grazie
DIm2Dvt5ky8,How to Paint a DOG üé® Acrylic Painting Tutorial LIVE! #yearofthedog,YOU NAILED IT!
DIm2Dvt5ky8,How to Paint a DOG üé® Acrylic Painting Tutorial LIVE! #yearofthedog,WOW!!!!!!!!!!!!!!!!!!!!!!!!
DIm2Dvt5ky8,How to Paint a DOG üé® Acrylic Painting Tutorial LIVE! #yearofthedog,Love this!  Why did you not put the one inner corner of his eye grey like the other one?
DIm2Dvt5ky8,How to Paint a DOG üé® Acrylic Painting Tutorial LIVE! #yearofthedog,beautiful job!
DIm2Dvt5ky8,How to Paint a DOG üé® Acrylic Painting Tutorial LIVE! #yearofthedog,"As usual I am lost for words, Angela you are an amazing artist...thank you for sharing your love of art..."
DIm2Dvt5ky8,How to Paint a DOG üé® Acrylic Painting Tutorial LIVE! #yearofthedog,"Lol. ü§® I am so sorry I missed this live. I won‚Äôt get to see you live until next week, sigh! Anyways, your tutorial was fun and the painting is beautiful."
DIm2Dvt5ky8,How to Paint a DOG üé® Acrylic Painting Tutorial LIVE! #yearofthedog,"Oh my gosh, he couldn't be any cuter!  Awesome tutorial Angela!  You are such an amazing teacher!  Thank you so much!"
DIm2Dvt5ky8,How to Paint a DOG üé® Acrylic Painting Tutorial LIVE! #yearofthedog,Can you do a cat next??  Pretty please!
DIm2Dvt5ky8,How to Paint a DOG üé® Acrylic Painting Tutorial LIVE! #yearofthedog,Amazing! So cute!
DIm2Dvt5ky8,How to Paint a DOG üé® Acrylic Painting Tutorial LIVE! #yearofthedog,I really like the tutorials. Thank you.
DIm2Dvt5ky8,How to Paint a DOG üé® Acrylic Painting Tutorial LIVE! #yearofthedog,The dog is ADORABLE Angela! Love it!! Thanks for the lesson! And thanks for a great show Angela and Mark! :)
DIm2Dvt5ky8,How to Paint a DOG üé® Acrylic Painting Tutorial LIVE! #yearofthedog,Sooooo cute and perfect
DIm2Dvt5ky8,How to Paint a DOG üé® Acrylic Painting Tutorial LIVE! #yearofthedog,"Hi guys, Thank you for your tutorials! I love the range of subjects that you paint:).  Question: if you paint over the lines of the puppy how do you know where to paint the puppy to?"
DIm2Dvt5ky8,How to Paint a DOG üé® Acrylic Painting Tutorial LIVE! #yearofthedog,Wow....Angela!!!  He is sooooo sooooo precious!  And I love how real he looks!!!!!!!  You are totally the best!!!!!!!!!!!!!!  Love you guys!!!!!!!!!!
DIm2Dvt5ky8,How to Paint a DOG üé® Acrylic Painting Tutorial LIVE! #yearofthedog,"Merci Angela et Mark, j'ai ador√© vous regarder faire ce beau Chien, je ne vous comprends pas mais l'art et la peinture n'ont pas de fronti√®re, je suis d√©sol√©e et vous devez √™tre tr√®s marrante √† vous entendre souvent rire ! Je vous adore"
DIm2Dvt5ky8,How to Paint a DOG üé® Acrylic Painting Tutorial LIVE! #yearofthedog,"Hi Angela and Mark, sorry I missed the first half of live show but it is amazing. You make it all seem so achievable Angela. Thank you."
